id,lng,lat,name,area
1015800,-68.37176389,46.52300278,"Aroostook River near Masardis, Maine",2310
1092000,-71.46340028,42.94814056,"Merrimack R nr Goffs Falls, Below Manchester, NH",8008
1094000,-71.5061786,42.85758639,"Souhegan River at Merrimack, NH",443
1170500,-72.5745333,42.5786972,"Connecticut River at Montague City, MA",20357
1209901,-73.54929028,41.0656525,"Rippowam River at Stamford, CT",88
1318500,-73.84428934,43.31895998,Hudson River at Hadley NY,4310
1403060,-74.5483333,40.5511111,Raritan River Below Calco Dam at Bound Brook NJ,2033
1431500,-75.17211857,41.47620023,"Lackawaxen River at Hawley, PA",751
1464907,-75.11961605,40.22927456,Little Neshaminy C at Valley Road nr Neshaminy PA,69
1480870,-75.67327152,39.96871912,"East Branch Brandywine Creek Below Downingtown, PA",233
1488500,-75.67311111,38.84969444,"Marshyhope Creek Near Adamsville, DE",114
1520500,-77.13219424,42.02868499,Tioga River at Lindley NY,1997
1555500,-76.91191982,40.61119589,"East Mahantango Creek Near Dalmatia, PA",420
1567000,-77.1291484,40.47841677,"Juniata River at Newport, PA",8687
2070500,-79.99138889,36.53388889,"Mayo River Near Price, NC",627
2110500,-78.71501746,33.9126719,"Waccamaw River Near Longs, SC",2875
2131000,-79.54838961,34.20432518,"Pee Dee River at Peedee, SC",22870
2225500,-82.17734322,32.07852776,"Ohoopee River Near Reidsville, GA",2875
2226500,-82.32457114,31.23827371,"Satilla River Near Waycross, GA",3108
2299950,-82.21120106,27.47365137,"Manatee River at Sr 64 Near Myakka Head, FL",169
2365200,-85.84298995,30.94990438,"Choctawhatchee River nr Pittman, FlA.",8311
2374500,-86.9866403,31.41850006,Murder Creek Near Evergreen AL,456
3050000,-79.88173416,38.809275,"Tygart Valley River Near Dailey, WV",479
3072655,-79.92283293,39.82507696,"Monongahela River Near Masontown, PA",11500
3086000,-80.20561481,40.54923422,"Ohio River at Sewickley, PA",50505
3102500,-80.37617802,41.42199889,"Little Shenango River at Greenville, PA",269
3155000,-81.38956408,39.0589686,"Little Kanawha River at Palestine, WV",3926
3171000,-80.56922499,37.14179254,"New River at Radford, VA",7117
3180500,-79.83311495,38.54372659,"Greenbrier River at Durbin, WV",344
3208500,-82.29569932,37.20705367,"Russell Fork at Haysi, VA",741
3252500,-84.30299045,38.39090804,"South Fork Licking River at Cynthiana, KY",1608
3335000,-86.82917518,40.44059108,"Wildcat Creek Near Lafayette, IN",2056
3410500,-84.53327232,36.62702209,"South Fork Cumberland River Near Stearns, KY",2471
3424730,-85.90745058,36.08731209,"Smith Fork at Temperance Hall, TN",554
3479000,-81.82222222,36.23916667,"Watauga River Near Sugar Grove, NC",239
3588500,-87.57903263,35.02412144,"Shoal Creek at Iron City, TN",901
4099000,-85.75610475,41.80088279,"St. Joseph River at Mottville, MI",4833
4100500,-85.84860566,41.59338272,"Elkhart River at Goshen, IN",1538
4172000,-83.79994301,42.46531193,"Huron River Near Hamburg, MI",798
5053000,-96.78369074,46.46801679,"Wild Rice River nr Abercrombie, ND",5387
5060000,-97.10647707,46.86608263,"Maple River nr Mapleton, ND",3755
5122000,-100.4348534,48.50555109,"Souris River nr Bantry, ND",31857
5127000,-91.76402611,47.93462083,"Kawishiwi River Near Winton, MN",3186
5275000,-93.66690972,45.33385361,"Elk River Near Big Lake, MN",1448
5433000,-89.86123493,42.78555775,"East Branch Pecatonica River nr Blanchardville, WI",572
5463000,-92.6179699,42.5727594,"Beaver Creek at New Hartford, IA",899
5479000,-94.19348901,42.72358244,"East Fork Des Moines River at Dakota City, IA",3388
5481000,-93.80577623,42.43247506,"Boone River Near Webster City, IA",2186
5495000,-91.597875,40.39240833,"Fox River at Wayland, MO",1036
5515500,-86.70112916,41.40004234,"Kankakee River at Davis, IN",1391
5534500,-87.81867718,42.15280379,"North Branch Chicago River at Deerfield, IL",51
6050000,-111.070781,45.5615969,Hyalite C at Hyalite R S nr Bozeman MT,125
6120500,-109.8407389,46.42995639,Musselshell River at Harlowton MT,2914
6178000,-105.6966739,48.99030167,Poplar River at International Boundary,938
6278300,-107.4036886,44.50801953,"Shell Creek Above Shell Creek Reservoir, WY",60
6336000,-103.5282426,46.91945839,"Little Missouri River at Medora, ND",16032
6386500,-104.1316023,43.42108409,"Cheyenne River Near Spencer, WY",13649
6478000,-97.91924031,43.65887165,"James R Near Mitchell,SD",49376
6481000,-96.74532896,43.7902515,"Big Sioux R Near Dell Rapids,SD",11611
6600500,-96.31141563,42.57665963,"Floyd River at James, IA",2295
6620000,-106.3383598,40.93747359,"North Platte River Near Northgate, CO",3706
6715000,-105.661947,39.75193193,Clear Creek Abv West Fork Clear Creek nr Empire CO,223
6719505,-105.2352668,39.75304299,"Clear Creek at Golden, CO",1036
6856600,-97.12757591,39.35568764,"Republican R at Clay Center, KS",63563
6870300,-97.4204357,38.65285999,"Gypsum C nr Gypsum, KS",311
6876000,-98.11269584,39.45630408,"Solomon R at Beloit, KS",14323
6904500,-92.686375,40.23433333,"Chariton River at Novinger, MO",3548
6906500,-92.84879809,39.22225123,"Missouri River at Glasgow, MO",1292145
7026040,-89.21764405,36.24082943,"Obion River at Hwy 51 Near Obion, TN",4856
7063000,-90.3881,36.75956944,"Black River at Poplar Bluff, MO",3225
7086000,-106.2658553,39.04277116,"Arkansas River at Granite, CO.",1106
7156900,-100.4918172,37.0111372,"Cimarron River Near Forgan, OK",22108
7195400,-94.49444722,36.14471389,Illinois River at Hwy. 16 Near Siloam Springs AR,1318
7238000,-98.9212058,36.18337278,"North Canadian River Near Seiling, OK",31756
7242000,-96.2061167,35.26564556,"North Canadian River Near Wetumka, OK",37011
7274000,-89.52138889,34.27333333,"Yocona River nr Oxford, MS",679
7282000,-89.31555556,33.83861111,"Yalobusha R And Topashaw C Ca at Calhoun City, MS",764
7288500,-90.5431441,33.54733973,"Big Sunflower River at Sunflower, MS",1987
7312200,-98.90506664,33.90592785,"Beaver Ck nr Electra, TX",1689
7326500,-98.243385,35.0842283,"Washita River at Anadarko, OK",9469
7328500,-97.2514125,34.7548025,"Washita River Near Pauls Valley, OK",13805
7331000,-96.9758447,34.2334272,"Washita River Near Dickson, OK",18653
7331600,-96.5633264,33.8189911,"Red Rv at Denison Dam nr Denison, TX",102874
7375300,-90.49037285,30.93768029,"Tangipahoa River Near Kentwood, LA",614
8026000,-93.51961647,31.06408004,"Sabine Rv nr Burkeville, TX",19378
8044000,-97.6947538,33.23178218,"Big Sandy Ck nr Bridgeport, TX",862
8111700,-96.20524019,29.88106145,"Mill Ck nr Bellville, TX",974
8176900,-97.2263791,28.86165308,"Coleto Ck at Arnold Rd Crsg nr Schroeder, TX",925
8279000,-105.9136306,36.21085638,"Embudo Creek at Dixon, NM",790
8287000,-106.4169764,36.23668472,"Rio Chama Below Abiquiu Dam, NM",5561
8390800,-104.7205285,33.30148906,"Rio Hondo Blw Diamond A Dam nr Roswell, NM",2494
8407500,-104.0396528,32.07512393,"Pecos River at Red Bluff, NM",50608
8449000,-101.1453849,29.96353604,"Devils Rv nr Juno, TX",7071
9050700,-106.0664082,39.62554202,"Blue River Below Dillon, CO.",868
9115500,-106.422806,38.41166283,"Tomichi Creek at Sargents, CO",386
9217900,-110.5801656,40.95911312,"Blacks Fork Near Robertson, WY",337
9306242,-108.4728719,39.92025021,"Corral Gulch Near Rangely, CO",82
9379500,-109.864844,37.14694612,"San Juan River Near Bluff, UT",59570
9512500,-112.0640455,34.31530732,"Agua Fria River Near Mayer, AZ",1515
9519800,-113.0146217,33.07504581,"Gila River Below Painted Rock Dam, AZ",131856
10353800,-119.8743705,40.5090688,"SMOKE CREEK BELOW RESERVOIR NEAR SMOKE CREEK, NEV.",130
12112600,-122.165396,47.31232289,"BIG SOOS CREEK ABOVE HATCHERY NEAR AUBURN, WA",173
11208730,-118.789264,36.45161241,EF KAWEAH R NR THREE RIVERS CA,222
14162200,-122.3331192,44.16234819,"BLUE RIVER AT BLUE RIVER, OR",227
11414210,-120.6460451,39.32434528,S YUBA R BL SPAULDING NO2 PP NR EMIGRANT GP CA,306
11314500,-120.2210266,38.49352323,NF MOKELUMNE R BL SALT SPRINGS DAM CA,440
11118500,-119.3084466,34.35222038,VENTURA R NR VENTURA,487
11439500,-120.3285277,38.76351814,SF AMERICAN R NR KYBURZ(RIVER ONLY) CA,500
10297500,-119.4278611,38.72806389,"W WALKER R AT HOYE BRIDGE NR WELLINGTON, NV",1290
13049500,-111.5666667,44.01833333,FALLS RIVER NR CHESTER ID,1350
11451000,-122.5658147,38.9240648,CACHE C NR LOWER LAKE CA,1370
12149000,-121.9253969,47.66593399,"SNOQUALMIE RIVER NEAR CARNATION, WA",1560
13186000,-115.3080556,43.49583333,SF BOISE RIVER NR FEATHERVILLE ID,1640
13055000,-111.6160711,43.92713492,TETON RIVER NR ST ANTHONY ID,2310
12452500,-120.0131254,47.83458081,"CHELAN RIVER AT CHELAN, WA",2390
11303000,-121.1104934,37.72965078,STANISLAUS R A RIPON CA,2780
13152500,-114.8030556,42.88638889,MALAD RIVER NR GOODING ID,7740
12199000,-122.2432123,48.48399625,"SKAGIT RIVER NEAR SEDRO WOOLLEY, WA",7810
10068500,-111.356875,42.40159293,"BEAR RIVER AT PESCADERO, ID",9600
13087995,-114.0183333,42.52805556,SNAKE RIVER GAGING STATION AT MILNER ID,44500
