11,n00e030
11,n00e035
11,n00e040
11,n00e045
11,n05e030
11,n05e035
11,n05e040
11,n05e045
11,n05e050
11,n10e035
11,n10e040
11,n10e045
11,n10e050
11,n15e035
11,n15e040
11,n20e030
11,n20e035
11,n25e030
11,n30e030
11,s05e030
11,s05e035
11,s05e040
11,s10e030
11,s10e035
11,s15e030
11,s15e035
11,s15e040
11,s20e035
11,s20e040
12,s10e030
12,s10e035
12,s15e015
12,s15e020
12,s15e025
12,s15e030
12,s15e035
12,s20e010
12,s20e015
12,s20e020
12,s20e025
12,s20e030
12,s20e035
12,s25e010
12,s25e015
12,s25e020
12,s25e025
12,s25e030
12,s25e035
12,s30e010
12,s30e015
12,s30e020
12,s30e025
12,s30e030
12,s35e015
12,s35e020
12,s35e025
12,s35e030
13,n00e005
13,n00e010
13,n00e015
13,n00e020
13,n00e025
13,n00e030
13,n05e005
13,n05e010
13,n05e015
13,n05e020
13,n05e025
13,s05e005
13,s05e010
13,s05e015
13,s05e020
13,s05e025
13,s05e030
13,s10e010
13,s10e015
13,s10e020
13,s10e025
13,s10e030
13,s15e010
13,s15e015
13,s15e020
13,s15e025
13,s15e030
13,s20e010
13,s20e015
14,n00e005
14,n00w005
14,n00w010
14,n05e000
14,n05e005
14,n05e010
14,n05e015
14,n05w005
14,n05w010
14,n05w015
14,n10e000
14,n10e005
14,n10e010
14,n10e015
14,n10w005
14,n10w010
14,n10w015
14,n10w020
14,n15e000
14,n15e005
14,n15w005
14,n15w010
14,n15w015
14,n15w020
14,n20e000
14,n20e005
15,n10e020
15,n10e025
15,n10w010
15,n15e000
15,n15e020
15,n15e025
15,n15w005
15,n15w010
15,n15w015
15,n15w020
15,n20e000
15,n20e005
15,n20e010
15,n20e015
15,n20e020
15,n20e025
15,n20e030
15,n20w005
15,n20w010
15,n20w015
15,n20w020
15,n25e000
15,n25e005
15,n25e010
15,n25e015
15,n25e020
15,n25e025
15,n25e030
15,n25w005
15,n25w010
15,n25w015
15,n25w020
15,n30e000
15,n30e005
15,n30e010
15,n30e015
15,n30e020
15,n30e025
15,n30e030
15,n30w005
15,n30w010
15,n30w020
15,n35e000
15,n35e005
15,n35e010
15,n35w005
15,n35w010
16,n05e005
16,n05e010
16,n05e015
16,n05e020
16,n10e005
16,n10e010
16,n10e015
16,n10e020
16,n15e005
16,n15e010
16,n15e015
16,n15e020
16,n20e005
16,n20e010
16,n20e015
16,n20e020
16,n25e005
17,n00e025
17,n00e030
17,n00e035
17,n05e020
17,n05e025
17,n05e030
17,n05e035
17,n10e020
17,n10e025
17,n10e030
17,n10e035
17,n15e025
17,n15e030
17,n15e035
17,n20e025
17,n20e030
17,n20e035
17,n25e025
17,n25e030
17,n30e025
17,n30e030
17,s05e025
17,s05e030
17,s05e035
18,s10e045
18,s15e040
18,s15e045
18,s15e050
18,s20e040
18,s20e045
18,s20e050
18,s25e040
18,s25e045
18,s30e040
18,s30e045
21,n25e030
21,n30e020
21,n30e025
21,n30e030
21,n30e035
21,n35e000
21,n35e005
21,n35e010
21,n35e015
21,n35e020
21,n35e025
21,n35e030
21,n35e035
21,n35w005
21,n35w010
21,n40e000
21,n40e005
21,n40e010
21,n40e015
21,n40e020
21,n40e025
21,n40e030
21,n40w005
21,n45e000
21,n45e005
21,n45e010
21,n45e015
22,n35e025
22,n35e030
22,n35e035
22,n35e040
22,n40e015
22,n40e020
22,n40e025
22,n40e030
22,n40e035
22,n40e040
22,n45e005
22,n45e010
22,n45e015
22,n45e020
22,n45e025
22,n45e030
22,n45e035
22,n45e040
22,n45e045
22,n50e010
22,n50e015
22,n50e020
22,n50e025
22,n50e030
22,n50e035
22,n50e040
22,n50e045
22,n55e025
22,n55e030
23,n35w005
23,n35w010
23,n40e000
23,n40w005
23,n40w010
23,n45e000
23,n45e005
23,n45e010
23,n45e015
23,n45w005
23,n45w010
23,n50e000
23,n50e005
23,n50e010
23,n50e015
23,n50w005
23,n50w010
23,n50w015
23,n55w005
23,n55w010
23,n60w005
23,n60w010
24,n45e015
24,n45e020
24,n45e025
24,n50e005
24,n50e010
24,n50e015
24,n50e020
24,n50e025
24,n50e030
24,n55e005
24,n55e010
24,n55e015
24,n55e020
24,n55e025
24,n55e030
24,n55e035
24,n60e010
24,n60e015
24,n60e020
24,n60e025
24,n60e030
24,n60e035
24,n65e010
24,n65e015
24,n65e020
24,n65e025
24,n65e030
25,n55e000
25,n55e005
25,n55e010
25,n60e000
25,n60e005
25,n60e010
25,n60e025
25,n60e030
25,n60e035
25,n65e010
25,n65e015
25,n65e020
25,n65e025
25,n65e030
25,n65e035
25,n65e040
25,n70e015
25,n70e020
25,n70e025
25,n70e030
25,n75e010
25,n75e015
25,n75e020
25,n75e025
25,n80e015
25,n80e020
25,n80e025
25,n80e030
25,n80e035
26,n55e035
26,n55e040
26,n55e045
26,n55e050
26,n60e035
26,n60e040
26,n60e045
26,n60e050
26,n60e055
26,n60e060
26,n65e035
26,n65e040
26,n65e045
26,n65e050
26,n65e055
26,n65e060
26,n65e065
26,n70e050
26,n70e055
26,n70e060
26,n75e050
26,n75e055
26,n75e060
26,n75e065
26,n80e040
26,n80e045
26,n80e050
26,n80e055
26,n80e060
26,n80e065
27,n60w015
27,n60w020
27,n60w025
27,n65w015
27,n65w020
27,n65w025
27,n70w010
28,n30e045
28,n30e060
28,n30e065
28,n35e040
28,n35e045
28,n35e050
28,n35e055
28,n35e060
28,n35e065
28,n40e040
28,n40e045
28,n40e050
28,n40e055
28,n40e060
28,n45e040
28,n45e045
28,n45e050
28,n45e055
28,n50e030
28,n50e035
28,n50e040
28,n50e045
28,n50e050
28,n50e055
28,n50e060
28,n55e030
28,n55e035
28,n55e040
28,n55e045
28,n55e050
28,n55e055
28,n55e060
28,n60e030
28,n60e035
28,n60e040
28,n60e045
28,n60e050
28,n60e055
29,n10e040
29,n10e045
29,n10e050
29,n15e040
29,n15e045
29,n15e050
29,n15e055
29,n20e035
29,n20e040
29,n20e045
29,n20e050
29,n20e055
29,n25e030
29,n25e035
29,n25e040
29,n25e045
29,n25e050
29,n25e055
29,n25e060
29,n25e065
29,n30e030
29,n30e035
29,n30e040
29,n30e045
29,n30e050
29,n30e055
29,n30e060
29,n30e065
29,n35e035
29,n35e040
29,n35e045
29,n35e050
29,n35e055
29,n35e060
29,n40e035
29,n40e040
31,n45e065
31,n45e070
31,n45e075
31,n45e080
31,n45e085
31,n45e090
31,n50e055
31,n50e060
31,n50e065
31,n50e070
31,n50e075
31,n50e080
31,n50e085
31,n50e090
31,n55e055
31,n55e060
31,n55e065
31,n55e070
31,n55e075
31,n55e080
31,n55e085
31,n55e090
31,n60e055
31,n60e060
31,n60e065
31,n60e070
31,n60e075
31,n60e080
31,n60e085
31,n65e060
31,n65e065
31,n65e070
31,n65e075
31,n65e080
31,n65e085
31,n70e065
31,n70e070
31,n70e075
32,n45e095
32,n45e100
32,n45e105
32,n45e110
32,n50e085
32,n50e090
32,n50e095
32,n50e100
32,n50e105
32,n50e110
32,n55e085
32,n55e090
32,n55e095
32,n55e100
32,n55e105
32,n55e110
32,n60e080
32,n60e085
32,n60e090
32,n60e095
32,n60e100
32,n60e105
32,n65e075
32,n65e080
32,n65e085
32,n65e090
32,n65e095
32,n65e100
32,n65e105
32,n70e075
32,n70e080
32,n70e085
33,n65e085
33,n65e090
33,n65e095
33,n65e100
33,n65e105
33,n65e110
33,n65e115
33,n65e120
33,n70e080
33,n70e085
33,n70e090
33,n70e095
33,n70e100
33,n70e105
33,n70e110
33,n70e115
33,n70e120
33,n70e125
33,n75e080
33,n75e085
33,n75e090
33,n75e095
33,n75e100
33,n75e105
33,n75e110
33,n80e075
33,n80e080
33,n80e090
33,n80e095
34,n50e100
34,n50e105
34,n50e110
34,n50e115
34,n50e120
34,n55e100
34,n55e105
34,n55e110
34,n55e115
34,n55e120
34,n55e125
34,n55e130
34,n55e135
34,n55e140
34,n60e105
34,n60e110
34,n60e115
34,n60e120
34,n60e125
34,n60e130
34,n60e135
34,n60e140
34,n65e100
34,n65e105
34,n65e110
34,n65e115
34,n65e120
34,n65e125
34,n65e130
34,n65e135
34,n70e120
34,n70e125
34,n70e130
35,n50e155
35,n50e160
35,n55e135
35,n55e140
35,n55e145
35,n55e150
35,n55e155
35,n55e160
35,n55e165
35,n60e130
35,n60e135
35,n60e140
35,n60e145
35,n60e150
35,n60e155
35,n60e160
35,n60e165
35,n60e170
35,n60e175
35,n65e125
35,n65e130
35,n65e135
35,n65e140
35,n65e145
35,n65e150
35,n65e155
35,n65e160
35,n65e165
35,n65e170
35,n65e175
35,n70e125
35,n70e130
35,n70e135
35,n70e140
35,n70e145
35,n70e150
35,n70e155
35,n70e160
35,n70e165
35,n70e170
36,n45e085
36,n45e090
36,n45e095
36,n50e085
36,n50e090
36,n50e095
41,n20e120
41,n20e125
41,n20e140
41,n25e125
41,n25e130
41,n25e140
41,n30e125
41,n30e130
41,n30e135
41,n35e130
41,n35e135
41,n35e140
41,n40e135
41,n40e140
41,n40e145
41,n45e140
41,n45e145
41,n45e150
41,n50e140
42,n30e125
42,n35e115
42,n35e120
42,n35e125
42,n35e130
42,n40e110
42,n40e115
42,n40e120
42,n40e125
42,n40e130
42,n40e135
42,n45e105
42,n45e110
42,n45e115
42,n45e120
42,n45e125
42,n45e130
42,n45e135
42,n45e140
42,n50e110
42,n50e115
42,n50e120
42,n50e125
42,n50e130
42,n50e135
42,n50e140
42,n55e120
42,n55e125
42,n55e130
42,n55e135
43,n15e105
43,n15e110
43,n20e100
43,n20e105
43,n20e110
43,n20e115
43,n20e120
43,n25e095
43,n25e100
43,n25e105
43,n25e110
43,n25e115
43,n25e120
43,n30e090
43,n30e095
43,n30e100
43,n30e105
43,n30e110
43,n30e115
43,n30e120
43,n35e090
43,n35e095
43,n35e100
43,n35e105
43,n35e110
43,n35e115
43,n35e120
43,n40e100
43,n40e105
43,n40e110
43,n40e115
44,n00e100
44,n05e090
44,n05e095
44,n05e100
44,n05e105
44,n10e090
44,n10e095
44,n10e100
44,n10e105
44,n15e090
44,n15e095
44,n15e100
44,n15e105
44,n20e090
44,n20e095
44,n20e100
44,n20e105
44,n25e090
44,n25e095
44,n25e100
44,n30e090
44,n30e095
45,n05e075
45,n05e080
45,n10e070
45,n10e075
45,n10e080
45,n15e070
45,n15e075
45,n15e080
45,n15e085
45,n15e090
45,n20e065
45,n20e070
45,n20e075
45,n20e080
45,n20e085
45,n20e090
45,n25e065
45,n25e070
45,n25e075
45,n25e080
45,n25e085
45,n25e090
45,n25e095
45,n30e065
45,n30e070
45,n30e075
45,n30e080
45,n30e085
45,n30e090
45,n30e095
45,n35e065
45,n35e070
45,n35e075
46,n30e065
46,n35e060
46,n35e065
46,n35e070
46,n35e075
46,n40e055
46,n40e060
46,n40e065
46,n40e070
46,n40e075
46,n40e080
46,n45e055
46,n45e060
46,n45e065
46,n45e070
46,n45e075
46,n45e080
46,n50e055
46,n50e060
46,n50e065
47,n35e095
47,n35e100
47,n35e105
47,n40e075
47,n40e080
47,n40e085
47,n40e090
47,n40e095
47,n40e100
47,n40e105
47,n40e110
47,n40e115
47,n45e080
47,n45e085
47,n45e090
47,n45e095
47,n45e100
47,n45e105
47,n45e110
48,n30e075
48,n30e080
48,n30e095
48,n35e070
48,n35e075
48,n35e080
48,n35e085
48,n35e090
48,n35e095
48,n40e070
48,n40e075
48,n40e080
48,n40e085
48,n40e090
48,n40e095
49,n25e080
49,n25e085
49,n25e090
49,n30e080
49,n30e085
49,n30e090
49,n35e080
49,n35e085
49,n35e090
51,n00e095
51,n00e100
51,n05e095
51,s05e095
51,s05e100
51,s05e105
51,s10e100
51,s10e105
51,s10e110
51,s10e115
51,s10e120
51,s10e125
51,s10e130
51,s15e115
51,s15e120
52,n00e105
52,n00e110
52,n00e115
52,n00e120
52,n00e125
52,n05e110
52,n05e115
52,n05e120
52,n05e125
52,n10e115
52,n10e120
52,n10e125
52,n15e115
52,n15e120
52,n20e120
52,s05e105
52,s05e110
52,s05e115
52,s05e120
52,s05e125
52,s10e110
52,s10e115
52,s10e120
53,n00e125
53,n00e130
53,s05e125
53,s05e130
53,s05e135
53,s05e140
53,s05e145
53,s05e150
53,s10e130
53,s10e135
53,s10e140
53,s10e145
53,s10e150
53,s10e155
53,s10e160
53,s15e145
53,s15e150
53,s15e155
53,s15e160
54,n00e165
54,n00e170
54,n05e130
54,n05e135
54,n05e150
54,n05e155
54,n05e160
54,n05e165
54,n05e170
54,n10e140
54,n10e145
54,n15e145
54,s05e165
54,s05e170
54,s05e175
55,s10e165
55,s15e165
55,s15e175
55,s20e160
55,s20e165
55,s20e170
55,s20e175
55,s25e160
55,s25e165
55,s30e165
55,s35e155
56,s10e140
56,s15e120
56,s15e125
56,s15e130
56,s15e135
56,s15e140
56,s15e145
56,s20e115
56,s20e120
56,s20e125
56,s20e130
56,s20e135
56,s20e140
56,s20e145
56,s25e110
56,s25e115
56,s25e120
56,s25e125
56,s25e130
56,s25e135
56,s25e140
56,s25e145
56,s25e150
56,s30e110
56,s30e115
56,s30e120
56,s30e125
56,s30e130
56,s30e135
56,s30e140
56,s30e145
56,s30e150
56,s35e110
56,s35e115
56,s35e120
56,s35e125
56,s35e130
56,s35e135
56,s35e140
56,s35e145
56,s35e150
56,s40e115
56,s40e135
56,s40e140
56,s40e145
56,s40e150
56,s45e140
56,s45e145
57,s35e170
57,s40e170
57,s40e175
57,s45e165
57,s45e170
57,s45e175
57,s50e165
57,s50e170
57,s50e175
57,s55e155
57,s55e165
61,n00w050
61,n00w055
61,n00w060
61,n00w065
61,n00w070
61,n00w075
61,n00w080
61,n05w055
61,n05w060
61,n05w065
61,n05w070
61,n05w075
61,n05w080
61,n10w060
61,n10w065
61,n10w070
61,n10w075
61,n10w080
62,n00w050
62,n00w055
62,n00w060
62,n00w065
62,n00w070
62,n00w075
62,n00w080
62,n05w060
62,n05w065
62,s05w050
62,s05w055
62,s05w060
62,s05w065
62,s05w070
62,s05w075
62,s05w080
62,s10w050
62,s10w055
62,s10w060
62,s10w065
62,s10w070
62,s10w075
62,s10w080
62,s15w050
62,s15w055
62,s15w060
62,s15w065
62,s15w070
62,s15w075
62,s15w080
62,s20w050
62,s20w055
62,s20w060
62,s20w065
62,s20w070
62,s20w075
62,s25w065
63,s05w035
63,s05w040
63,s05w045
63,s05w050
63,s10w035
63,s10w040
63,s10w045
63,s10w050
63,s15w040
63,s15w045
63,s15w050
63,s20w040
63,s20w045
63,s20w050
63,s25w045
63,s25w050
64,s15w055
64,s15w060
64,s20w050
64,s20w055
64,s20w060
64,s20w065
64,s20w070
64,s25w045
64,s25w050
64,s25w055
64,s25w060
64,s25w065
64,s25w070
64,s30w050
64,s30w055
64,s30w060
64,s30w065
64,s30w070
64,s35w055
64,s35w060
64,s35w065
64,s35w070
64,s40w060
65,s30w070
65,s30w075
65,s35w060
65,s35w065
65,s35w070
65,s35w075
65,s40w060
65,s40w065
65,s40w070
65,s40w075
65,s45w065
65,s45w070
65,s45w075
65,s50w070
65,s50w075
65,s55w060
65,s55w065
65,s55w070
65,s55w075
66,s15w070
66,s15w075
66,s20w070
66,s20w075
66,s25w070
66,s25w075
66,s30w070
66,s30w075
66,s35w070
66,s35w075
66,s35w080
66,s35w085
66,s40w075
66,s45w075
66,s45w080
66,s50w075
66,s50w080
66,s55w065
66,s55w070
66,s55w075
66,s55w080
66,s60w070
66,s60w075
67,n00w080
67,n00w085
67,n00w090
67,n00w095
67,n05w080
67,s05w080
67,s05w085
67,s05w090
67,s05w095
67,s10w080
67,s10w085
67,s15w075
67,s15w080
67,s20w070
67,s20w075
67,s20w080
71,n45w080
71,n45w085
71,n45w090
71,n45w095
71,n45w100
71,n45w105
71,n45w110
71,n45w115
71,n50w085
71,n50w090
71,n50w095
71,n50w100
71,n50w105
71,n50w110
71,n50w115
71,n50w120
71,n55w085
71,n55w090
71,n55w095
71,n55w100
71,n55w105
71,n55w110
71,n55w115
71,n60w100
72,n40w065
72,n40w070
72,n40w075
72,n40w080
72,n40w085
72,n40w090
72,n45w055
72,n45w060
72,n45w065
72,n45w070
72,n45w075
72,n45w080
72,n45w085
72,n45w090
72,n45w095
72,n50w060
72,n50w065
72,n50w070
72,n50w075
72,n50w080
72,n50w085
72,n50w090
72,n55w060
72,n55w065
72,n55w070
72,n55w075
72,n55w080
72,n55w085
72,n60w065
72,n60w070
72,n60w075
72,n60w080
73,n20w085
73,n25w085
73,n25w090
73,n30w080
73,n30w085
73,n30w090
73,n35w075
73,n35w080
73,n35w085
73,n40w070
73,n40w075
73,n40w080
73,n45w070
73,n45w075
74,n25w090
74,n25w095
74,n30w085
74,n30w090
74,n30w095
74,n30w100
74,n30w105
74,n35w080
74,n35w085
74,n35w090
74,n35w095
74,n35w100
74,n35w105
74,n35w110
74,n40w080
74,n40w085
74,n40w090
74,n40w095
74,n40w100
74,n40w105
74,n40w110
74,n40w115
74,n45w090
74,n45w095
74,n45w100
74,n45w105
74,n45w110
74,n45w115
74,n50w110
75,n05w080
75,n05w085
75,n10w085
75,n10w090
75,n10w095
75,n15w085
75,n15w090
75,n15w095
75,n15w100
75,n20w090
75,n20w095
75,n20w100
75,n20w105
75,n20w110
75,n25w095
75,n25w100
75,n25w105
75,n25w110
75,n30w095
75,n30w100
75,n30w105
75,n30w110
75,n35w105
75,n35w110
76,n15w065
76,n15w070
76,n15w075
76,n15w080
76,n15w085
76,n20w075
76,n20w080
76,n20w085
76,n25w080
77,n05w080
77,n05w085
77,n05w090
77,n10w085
77,n10w090
77,n10w095
77,n10w110
77,n15w095
77,n15w100
77,n15w105
77,n15w110
77,n15w115
77,n20w100
77,n20w105
77,n20w110
77,n20w115
77,n25w110
77,n25w115
77,n25w120
77,n30w110
77,n30w115
77,n30w120
77,n30w125
77,n35w110
77,n35w115
77,n35w120
77,n35w125
77,n40w110
77,n40w115
77,n40w120
77,n40w125
78,n40w110
78,n40w115
78,n40w120
78,n40w125
78,n45w115
78,n45w120
78,n45w125
78,n45w130
78,n50w115
78,n50w120
78,n50w125
78,n50w130
78,n50w135
78,n55w125
78,n55w130
78,n55w135
78,n55w140
81,n50w160
81,n50w165
81,n50w170
81,n50w175
81,n50w180
81,n55w135
81,n55w140
81,n55w145
81,n55w150
81,n55w155
81,n55w160
81,n55w165
81,n55w170
81,n55w175
81,n60w130
81,n60w135
81,n60w140
81,n60w145
81,n60w150
81,n60w155
81,n60w160
81,n60w165
81,n60w170
81,n60w175
81,n65w140
81,n65w145
81,n65w150
81,n65w155
81,n65w160
81,n65w165
81,n65w170
81,n70w145
81,n70w150
81,n70w155
81,n70w160
81,n70w165
82,n50w115
82,n50w120
82,n50w125
82,n55w105
82,n55w110
82,n55w115
82,n55w120
82,n55w125
82,n55w130
82,n55w135
82,n60w105
82,n60w110
82,n60w115
82,n60w120
82,n60w125
82,n60w130
82,n60w135
82,n60w140
82,n65w115
82,n65w120
82,n65w125
82,n65w130
82,n65w135
82,n65w140
82,n65w145
82,n70w125
82,n70w130
82,n70w135
82,n70w145
83,n55w095
83,n55w100
83,n55w105
83,n60w080
83,n60w085
83,n60w090
83,n60w095
83,n60w100
83,n60w105
83,n60w110
83,n60w115
83,n65w085
83,n65w090
83,n65w095
83,n65w100
83,n65w105
83,n65w110
83,n65w115
83,n65w120
83,n65w125
83,n70w095
83,n70w100
84,n65w105
84,n65w110
84,n65w115
84,n65w120
84,n70w090
84,n70w095
84,n70w100
84,n70w105
84,n70w110
84,n70w115
84,n70w120
84,n70w125
84,n70w130
85,n60w065
85,n60w070
85,n60w075
85,n60w080
85,n65w065
85,n65w070
85,n65w075
85,n65w080
85,n65w085
85,n65w090
85,n70w070
85,n70w075
85,n70w080
85,n70w085
85,n70w090
85,n70w095
86,n70w080
86,n70w085
86,n70w090
86,n70w095
86,n70w100
86,n70w105
86,n70w110
86,n70w115
86,n70w120
86,n75w075
86,n75w080
86,n75w085
86,n75w090
86,n75w095
86,n75w100
86,n75w105
86,n75w110
86,n75w115
86,n75w120
86,n75w125
86,n80w065
86,n80w070
86,n80w075
86,n80w080
86,n80w085
86,n80w090
86,n80w095
86,n80w100
86,n80w105
91,n55w045
91,n55w050
91,n60w040
91,n60w045
91,n60w050
91,n60w055
91,n65w025
91,n65w030
91,n65w035
91,n65w040
91,n65w045
91,n65w050
91,n65w055
91,n70w020
91,n70w025
91,n70w030
91,n70w035
91,n70w040
91,n70w045
91,n70w050
91,n70w055
91,n70w060
91,n75w020
91,n75w025
91,n75w030
91,n75w035
91,n75w040
91,n75w045
91,n75w050
91,n75w055
91,n75w060
91,n75w065
91,n75w070
91,n75w075
91,n80w015
91,n80w020
91,n80w025
91,n80w030
91,n80w035
91,n80w040
91,n80w045
91,n80w050
91,n80w055
91,n80w060
91,n80w065
91,n80w070
